N,Total Runs,Successful Runs,P_success,Avg Runtime,TTS_99%,TTS_50%,TTS_80%
900,1000,913,0.913,1.8680651268959045,3.5230533538843973,0.5302723679218974,1.2312543090203016
