N,Total Runs,Successful Runs,P_success,Avg Runtime,TTS_99%,TTS_50%,TTS_80%
1024,1000,954,0.954,3.1698668706417084,4.740901753984916,0.71357681722272,1.656874059769738
