N,Total Runs,Successful Runs,P_success,Avg Runtime,TTS_99%,TTS_50%,TTS_80%
1024,1000,832,0.832,1.9557365591526032,5.0490770394399735,0.7599618196448611,1.7645767000751258
