N,Total Runs,Successful Runs,P_success,Avg Runtime,TTS_99%,TTS_50%,TTS_80%
900,1760,1402,0.7965909090909091,1.543692582981153,4.463928354398286,0.6718881665844195,1.5600760106147242
