N,Total Runs,Successful Runs,P_success,Avg Runtime,TTS_99%,TTS_50%,TTS_80%
676,1000,873,0.873,1.0042115123271942,2.2410526261018826,0.33731203115910174,0.7832142818918396
