N,Total Runs,Successful Runs,P_success,Avg Runtime,TTS_99%,TTS_50%,TTS_80%
576,4000,3907,0.97675,0.641452022254467,0.7853342762030954,0.1182045868800968,0.2744625512214509
