N,Total Runs,Successful Runs,P_success,Avg Runtime,TTS_99%,TTS_50%,TTS_80%
400,1005,987,0.982089552238806,0.35431198124861835,0.40564804867381754,0.06105611516669088,0.14176790917021795
