N,Total Runs,Successful Runs,P_success,Avg Runtime,TTS_99%,TTS_50%,TTS_80%
256,4000,3989,0.99725,0.366085899412632,0.28593007653167274,0.04303676484926563,0.09992827341657075
