N,Total Runs,Successful Runs,P_success,Avg Runtime,TTS_99%,TTS_50%,TTS_80%
144,4000,3994,0.9985,0.0976049265861511,0.06912753600777576,0.01040473093234122,0.024159037071546662
