N,Total Runs,Successful Runs,P_success,Avg Runtime,TTS_99%,TTS_50%,TTS_80%
676,4000,3720,0.93,1.026585231244564,1.7777876682402314,0.26758370703091805,0.6213101270891978
