N,Total Runs,Successful Runs,P_success,Avg Runtime,TTS_99%,TTS_50%,TTS_80%
144,2000,1942,0.971,0.14223023808002472,0.18500267024324288,0.027845676510574173,0.06465565861104727
