N,Total Runs,Successful Runs,P_success,Avg Runtime,TTS_99%,TTS_50%,TTS_80%
784,2000,1758,0.879,0.9981642307043076,2.1765117964781835,0.3275976683282158,0.7606582299108761
