N,Total Runs,Successful Runs,P_success,Avg Runtime,TTS_99%,TTS_50%,TTS_80%
400,4000,3846,0.9615,0.4176759769320488,0.5905470221225063,0.08888618375445755,0.20638732730679565
