N,Total Runs,Successful Runs,P_success,Avg Runtime,TTS_99%,TTS_50%,TTS_80%
256,2000,1892,0.946,0.19329547131061553,0.3049771532895267,0.045903635566179775,0.10658494107858359
