N,Total Runs,Successful Runs,P_success,Avg Runtime,TTS_99%,TTS_50%,TTS_80%
576,1000,904,0.904,0.7210238466262817,1.4169273190138967,0.2132688123494649,0.49519484715748346
