N,Total Runs,Successful Runs,P_success,Avg Runtime,TTS_99%,TTS_50%,TTS_80%
64,2000,2000,1.0,0.10322413814067838,0.10322413814067838,0.10322413814067838,0.10322413814067838
